Name,Base,Formula,Enabled
10:0,Alkyl,C10H19O2,true
11:0,Alkyl,C11H21O2,true
12:0,Alkyl,C12H23O2,true
13:0,Alkyl,C13H25O2,true
14:0,Alkyl,C14H27O2,true
14:1,Alkyl,C14H25O2,true
15:0,Alkyl,C15H29O2,true
15:1,Alkyl,C15H27O2,true
16:0,Alkyl,C16H31O2,true
16:1,Alkyl,C16H29O2,true
17:0,Alkyl,C17H33O2,true
17:1,Alkyl,C17H31O2,true
17:2,Alkyl,C17H29O2,true
18:0,Alkyl,C18H35O2,true
18:1,Alkyl,C18H33O2,true
18:2,Alkyl,C18H31O2,true
18:3,Alkyl,C18H29O2,true
18:4,Alkyl,C18H27O2,true
19:0,Alkyl,C19H37O2,true
2:0,Alkyl,C2H3O2,false
20:0,Alkyl,C20H39O2,true
20:1,Alkyl,C20H37O2,true
20:2,Alkyl,C20H35O2,true
20:3,Alkyl,C20H33O2,true
20:4,Alkyl,C20H31O2,true
20:5,Alkyl,C20H29O2,true
21:0,Alkyl,C21H41O2,true
22:0,Alkyl,C22H43O2,true
22:1,Alkyl,C22H41O2,true
22:2,Alkyl,C22H39O2,true
22:4,Alkyl,C22H35O2,true
22:5,Alkyl,C22H33O2,true
22:6,Alkyl,C22H31O2,true
23:0,Alkyl,C23H45O2,true
24:0,Alkyl,C24H47O2,true
24:1,Alkyl,C24H45O2,true
24:4,Alkyl,C24H39O2,true
25:0,Alkyl,C25H49O2,true
26:0,Alkyl,C26H51O2,true
26:1,Alkyl,C26H49O2,true
26:2,Alkyl,C26H47O2,true
3:0,Alkyl,C3H5O2,false
4:0,Alkyl,C4H7O2,false
5:0,Alkyl,C5H9O2,false
6:0,Alkyl,C6H11O2,false
7:0,Alkyl,C7H13O2,false
8:0,Alkyl,C8H15O2,false
9:0,Alkyl,C9H17O2,false
P-16:0,Plasmenyl,C16H31O1,true
P-18:0,Plasmenyl,C18H35O1,true
P-20:0,Plasmenyl,C20H39O1,true
P-18:1,Plasmenyl,C18H33O1,true
O-16:0,Ether,C16H33O1,true
O-18:0,Ether,C18H37O1,true
O-20:0,Ether,C20H41O1,true
10:1,Alkyl,C10H17O2,true
10:2,Alkyl,C10H15O2,true
11:1,Alkyl,C11H19O2,true
12:1,Alkyl,C12H21O2,true
12:2,Alkyl,C12H19O2,true
12:3,Alkyl,C12H17O2,true
13:1,Alkyl,C13H23O2,true
14:2,Alkyl,C14H23O2,true
14:3,Alkyl,C14H21O2,true
15:2,Alkyl,C15H25O2,true
15:3,Alkyl,C15H23O2,true
16:2,Alkyl,C16H27O2,true
16:3,Alkyl,C16H25O2,true
16:4,Alkyl,C16H23O2,true
16:5,Alkyl,C16H21O2,true
17:3,Alkyl,C17H27O2,true
18:5,Alkyl,C18H25O2,true
19:1,Alkyl,C19H35O2,true
19:2,Alkyl,C19H33O2,true
19:3,Alkyl,C19H31O2,true
19:4,Alkyl,C19H29O2,true
19:5,Alkyl,C19H27O2,true
20:6,Alkyl,C20H27O2,true
21:1,Alkyl,C21H39O2,true
21:2,Alkyl,C21H37O2,true
21:3,Alkyl,C21H35O2,true
21:4,Alkyl,C21H33O2,true
21:5,Alkyl,C21H31O2,true
22:3,Alkyl,C22H37O2,true
22:7,Alkyl,C22H29O2,true
23:1,Alkyl,C23H43O2,true
23:2,Alkyl,C23H41O2,true
23:3,Alkyl,C23H39O2,true
23:4,Alkyl,C23H37O2,true
23:5,Alkyl,C23H35O2,true
23:6,Alkyl,C23H33O2,true
24:2,Alkyl,C24H43O2,true
24:3,Alkyl,C24H41O2,true
24:5,Alkyl,C24H37O2,true
24:6,Alkyl,C24H35O2,true
25:1,Alkyl,C25H47O2,true
25:2,Alkyl,C25H45O2,true
25:3,Alkyl,C25H43O2,true
25:4,Alkyl,C25H41O2,true
25:5,Alkyl,C25H39O2,true
25:6,Alkyl,C25H37O2,true
26:3,Alkyl,C26H45O2,true
26:4,Alkyl,C26H43O2,true
26:5,Alkyl,C26H41O2,true
26:6,Alkyl,C26H39O2,true
26:7,Alkyl,C26H37O2,true
d14:0,Sphingoid,C11H23,true
d14:1,Sphingoid,C11H21,true
d15:0,Sphingoid,C12H25,true
d15:1,Sphingoid,C12H23,true
d16:0,Sphingoid,C13H27,true
d16:1,Sphingoid,C13H25,true
d16:2,Sphingoid,C13H23O0,true
d16:3,Sphingoid,C13H21O0,true
d17:0,Sphingoid,C14H29,true
d17:1,Sphingoid,C14H27,true
d17:2,Sphingoid,C14H25,true
d17:3,Sphingoid,C14H23O0,true
d18:0,Sphingoid,C15H31,true
d18:1,Sphingoid,C15H29,true
d18:2,Sphingoid,C15H27,true
d18:3,Sphingoid,C15H25,false
d18:4,Sphingoid,C15H23,true
d19:0,Sphingoid,C16H33,true
d19:1,Sphingoid,C16H31O0,true
d19:2,Sphingoid,C16H29O0,true
d19:3,Sphingoid,C16H27O0,true
d20:0,Sphingoid,C17H35O0,true
d20:1,Sphingoid,C17H33O0,true
d20:2,Sphingoid,C17H31O0,true
d20:3,Sphingoid,C17H29O0,true
d21:0,Sphingoid,C18H37O0,true
d21:1,Sphingoid,C18H35O0,true
d21:2,Sphingoid,C18H33O0,true
d21:3,Sphingoid,C18H31O0,true
d22:0,Sphingoid,C19H39O0,true
d22:1,Sphingoid,C19H37O0,true
d22:2,Sphingoid,C19H35O0,true
d22:3,Sphingoid,C19H33O0,true
P-14:0,Plasmenyl,C14H27O1,true
P-15:0,Plasmenyl,C15H29O1,true
P-17:0,Plasmenyl,C17H33O1,true
P-19:0,Plasmenyl,C19H37O1,true
P-21:0,Plasmenyl,C21H41O1,true
P-22:0,Plasmenyl,C22H43O1,true
t16:0,Phytosphingoid,C13H27O1,true
t16:1,Phytosphingoid,C13H25O1,true
t16:2,Phytosphingoid,C13H23O1,true
t17:0,Phytosphingoid,C14H29O1,true
t17:1,Phytosphingoid,C14H27O1,true
t17:2,Phytosphingoid,C14H25O1,true
t18:0,Phytosphingoid,C15H31O1,true
t18:1,Phytosphingoid,C15H29O1,true
t18:2,Phytosphingoid,C15H27O1,true
t19:0,Phytosphingoid,C16H33O1,true
t19:1,Phytosphingoid,C16H31O1,true
t19:2,Phytosphingoid,C16H29O1,true
t20:0,Phytosphingoid,C17H35O1,true
t20:1,Phytosphingoid,C17H33O1,true
t20:2,Phytosphingoid,C17H31O1,true
t21:0,Phytosphingoid,C18H37O1,true
t21:1,Phytosphingoid,C18H35O1,true
t21:2,Phytosphingoid,C18H33O1,true
t22:0,Phytosphingoid,C19H39O1,true
t22:1,Phytosphingoid,C19H37O1,true
t22:2,Phytosphingoid,C19H35O1,true
O-16:1,Ether,C16H31O1,true
O-16:2,Ether,C16H29O1,true
O-16:3,Ether,C16H27O1,true
O-16:4,Ether,C16H25O1,true
O-17:0,Ether,C17H35O1,true
O-17:1,Ether,C17H33O1,true
O-17:2,Ether,C17H31O1,true
O-17:3,Ether,C17H29O1,true
O-18:1,Ether,C18H35O1,true
O-18:2,Ether,C18H33O1,true
O-18:3,Ether,C18H31O1,true
O-18:4,Ether,C18H29O1,true
O-19:0,Ether,C19H39O1,true
O-19:1,Ether,C19H37O1,true
O-19:2,Ether,C19H35O1,true
O-19:3,Ether,C19H33O1,true
O-19:4,Ether,C19H31O1,true
O-20:1,Ether,C20H39O1,true
O-20:2,Ether,C20H37O1,true
O-20:3,Ether,C20H35O1,true
O-20:4,Ether,C20H33O1,true
O-21:0,Ether,C21H43O1,true
O-21:1,Ether,C21H41O1,true
O-21:2,Ether,C21H39O1,true
O-21:3,Ether,C21H37O1,true
O-21:4,Ether,C21H35O1,true
O-22:0,Ether,C22H45O1,true
O-22:1,Ether,C22H43O1,true
O-22:2,Ether,C22H41O1,true
O-22:3,Ether,C22H39O1,true
O-22:4,Ether,C22H37O1,true
O-23:0,Ether,C23H47O1,true
O-23:1,Ether,C23H45O1,true
O-23:2,Ether,C23H43O1,true
O-23:3,Ether,C23H41O1,true
O-23:4,Ether,C23H39O1,true
O-24:0,Ether,C24H49O1,true
O-24:1,Ether,C24H47O1,true
O-24:2,Ether,C24H45O1,true
O-24:3,Ether,C24H43O1,true
O-24:4,Ether,C24H41O1,true
O-25:0,Ether,C25H51O1,true
O-25:1,Ether,C25H49O1,true
O-25:2,Ether,C25H47O1,true
O-25:3,Ether,C25H45O1,true
O-25:4,Ether,C25H43O1,true
O-26:0,Ether,C26H53O1,true
O-26:1,Ether,C26H51O1,true
O-26:2,Ether,C26H49O1,true
O-26:3,Ether,C26H47O1,true
O-26:4,Ether,C26H45O1,true
O-27:0,Ether,C27H55O1,true
O-27:1,Ether,C27H53O1,true
O-27:2,Ether,C27H51O1,true
O-27:3,Ether,C27H49O1,true
O-27:4,Ether,C27H47O1,true
O-28:0,Ether,C28H57O1,true
O-28:1,Ether,C28H55O1,true
O-28:2,Ether,C28H53O1,true
O-28:3,Ether,C28H51O1,true
O-28:4,Ether,C28H49O1,true
O-29:0,Ether,C29H59O1,true
O-29:1,Ether,C29H57O1,true
O-29:2,Ether,C29H55O1,true
O-29:3,Ether,C29H53O1,true
O-29:4,Ether,C29H51O1,true
O-30:0,Ether,C30H61O1,true
O-30:1,Ether,C30H59O1,true
O-30:2,Ether,C30H57O1,true
O-30:3,Ether,C30H55O1,true
O-30:4,Ether,C30H53O1,true
O-31:0,Ether,C31H63O1,true
O-31:1,Ether,C31H61O1,true
O-31:2,Ether,C31H59O1,true
O-31:3,Ether,C31H57O1,true
O-31:4,Ether,C31H55O1,true
O-32:0,Ether,C32H65O1,true
O-32:1,Ether,C32H63O1,true
O-32:2,Ether,C32H61O1,true
O-32:3,Ether,C32H59O1,true
O-32:4,Ether,C32H57O1,true
O-33:0,Ether,C33H67O1,true
O-33:1,Ether,C33H65O1,true
O-33:2,Ether,C33H63O1,true
O-33:3,Ether,C33H61O1,true
O-33:4,Ether,C33H59O1,true
O-34:0,Ether,C34H69O1,true
O-34:1,Ether,C34H67O1,true
O-34:2,Ether,C34H65O1,true
O-34:3,Ether,C34H63O1,true
O-34:4,Ether,C34H61O1,true
O-35:0,Ether,C35H71O1,true
O-35:1,Ether,C35H69O1,true
O-35:2,Ether,C35H67O1,true
O-35:3,Ether,C35H65O1,true
O-35:4,Ether,C35H63O1,true
O-36:0,Ether,C36H73O1,true
O-36:1,Ether,C36H71O1,true
O-36:2,Ether,C36H69O1,true
O-36:3,Ether,C36H67O1,true
O-36:4,Ether,C36H65O1,true
